<?xml version="1.0" encoding="UTF-8"?>
<project-private xmlns="http://www.netbeans.org/ns/project-private/1">
    <editor-bookmarks xmlns="http://www.netbeans.org/ns/editor-bookmarks/2" lastBookmarkId="0"/>
    <open-files xmlns="http://www.netbeans.org/ns/projectui-open-files/2">
        <group>
            <file>file:/home/alfonso/Documentos/Universidad/Fundamentos%20de%20Redes/Prácticas/P2/Ejercicio5/FRQuizzClient/src/frquizzclient/ClientConnection.java</file>
            <file>file:/home/alfonso/Documentos/Universidad/Fundamentos%20de%20Redes/Prácticas/P2/Ejercicio5/FRQuizzClient/src/frquizzclient/FRQuizzClient.java</file>
        </group>
    </open-files>
</project-private>
