<?xml version="1.0" encoding="UTF-8"?>
<project-private xmlns="http://www.netbeans.org/ns/project-private/1">
    <editor-bookmarks xmlns="http://www.netbeans.org/ns/editor-bookmarks/2" lastBookmarkId="0"/>
    <open-files xmlns="http://www.netbeans.org/ns/projectui-open-files/2">
        <group>
            <file>file:/home/alfonso/Documentos/Universidad/Fundamentos%20de%20Redes/Prácticas/P2/Ejercicio5/FRQuizzServer/src/frquizzserver/QuestionCategory.java</file>
            <file>file:/home/alfonso/Documentos/Universidad/Fundamentos%20de%20Redes/Prácticas/P2/Ejercicio5/FRQuizzServer/src/frquizzserver/Player.java</file>
            <file>file:/home/alfonso/Documentos/Universidad/Fundamentos%20de%20Redes/Prácticas/P2/Ejercicio5/FRQuizzServer/src/frquizzserver/FRQuizzGame.java</file>
            <file>file:/home/alfonso/Documentos/Universidad/Fundamentos%20de%20Redes/Prácticas/P2/Ejercicio5/FRQuizzServer/src/frquizzserver/ServerState.java</file>
            <file>file:/home/alfonso/Documentos/Universidad/Fundamentos%20de%20Redes/Prácticas/P2/Ejercicio5/FRQuizzServer/src/frquizzserver/FRQuizzServer.java</file>
            <file>file:/home/alfonso/Documentos/Universidad/Fundamentos%20de%20Redes/Prácticas/P2/Ejercicio5/FRQuizzServer/src/frquizzserver/PlayerHandler.java</file>
            <file>file:/home/alfonso/Documentos/Universidad/Fundamentos%20de%20Redes/Prácticas/P2/Ejercicio5/FRQuizzServer/src/frquizzserver/QuestionDeck.java</file>
            <file>file:/home/alfonso/Documentos/Universidad/Fundamentos%20de%20Redes/Prácticas/P2/Ejercicio5/FRQuizzServer/src/frquizzserver/Question.java</file>
        </group>
    </open-files>
</project-private>
